{"Fid":"fbYZZGXPRJu7I29-5uovO7","Status":3,"AuthToken":"eyJhbGciOiJFUzI1NiIsInR5cCI6IkpXVCJ9.eyJhcHBJZCI6IjE6MzU0ODAwNjQ1MzI5OmFuZHJvaWQ6NGM2NjY0NGY4NDc1MTUwYiIsImV4cCI6MTc1NjYyMDQ1NiwiZmlkIjoiZmJZWlpHWFBSSnU3STI5LTV1b3ZPNyIsInByb2plY3ROdW1iZXIiOjM1NDgwMDY0NTMyOX0.AB2LPV8wRgIhAP08VtI7fZiTnEI7oCcOnlHiYO6EkPcRU70qDOpxBCrqAiEArVVJiPLDowy_oXBHPQfMzgudXNAJG5RdHaeMCYbF5S0","RefreshToken":"3_AS3qfwK0cqKcWVt5gdaiAoCRTD8pJp3-HguyVqgQCQsVFF_JRhr6ZgQUW4AkA7wbXQvj2mLU1H1J_dc9685S_hbXLJMsKMVyOkzn4H6rZVgNnqw","TokenCreationEpochInSecs":1756015655,"ExpiresInSecs":604800}